name,phone,email,address,country,postalZip,text,numberrange,currency
Cole Hopkins,1-524-312-0123,erat.neque@icloud.com,"P.O. Box 670, 7019 Leo St.",France,280200,"sit amet, dapibus id, blandit at, nisi. Cum sociis natoque",8,$34.33
Fritz Mosley,(862) 225-9557,ut.semper@protonmail.edu,"P.O. Box 111, 5200 Magna St.",Russian Federation,4771,pede blandit congue. In scelerisque scelerisque dui. Suspendisse ac metus,5,$3.90
Hedley Mendez,1-878-186-4775,scelerisque.neque.nullam@yahoo.com,Ap #497-4315 Lorem Rd.,France,54-973,"Cras dolor dolor, tempus non, lacinia at, iaculis quis, pede.",9,$22.20
Keefe Bates,1-546-925-3553,non.lorem@hotmail.net,422-3049 Adipiscing Av.,India,6559,facilisi. Sed neque. Sed eget lacus. Mauris non dui nec,3,$80.26
Quamar Zimmerman,(831) 367-1146,sodales.purus@outlook.com,"P.O. Box 386, 3382 Ipsum Street",Costa Rica,242415,et ultrices posuere cubilia Curae Donec tincidunt. Donec vitae erat,2,$25.21
Brent Best,(305) 485-5784,arcu@protonmail.ca,"950-3905 Leo, St.",Canada,6214,"egestas a, scelerisque sed, sapien. Nunc pulvinar arcu et pede.",6,$52.12
Lucian Hebert,1-202-284-7073,donec.tincidunt.donec@aol.org,Ap #237-1001 Auctor Ave,Poland,50713,tincidunt tempus risus. Donec egestas. Duis ac arcu. Nunc mauris.,2,$91.71
Frances Kirkland,(792) 668-7624,sit.amet@icloud.com,"383-198 Pharetra, Street",Philippines,49-56,eu enim. Etiam imperdiet dictum magna. Ut tincidunt orci quis,1,$12.81
Ciara Pena,1-702-787-0932,cursus@google.com,"P.O. Box 972, 2596 Donec Rd.",Peru,20305,"nisl sem, consequat nec, mollis vitae, posuere at, velit. Cras",2,$45.70
Brenden Joyner,1-556-558-6145,non.enim@yahoo.net,Ap #833-8781 Augue St.,South Korea,R6S 9K9,aliquam eros turpis non enim. Mauris quis turpis vitae purus,1,$22.55